Eesnimi,Perekonnanimi,Osakond
Justin,Adams,Haldus
Brandon,Allen,Haldus
William,Anderson,Myyk
Olivia,Aust,Juhtkond
Owen,Bailey,Juhtkond
Austin,Baker,Haldus
Cole,Barnes,Personal
Hannah,Bauerlein,Juhtkond
Isabella,Bauerle,Juhtkond
Samantha,Behnke,Juhtkond
Lucas,Bell,Juhtkond
Hayden,Bennett,Juhtkond
Ashley,Bleeker,Juhtkond
Ava,Bleeke,Juhtkond
Alyssa,Breyer,Haldus
Jesus,Brooks,Juhtkond
Ethan,Brown,Myyk
Mia,Buesing,Haldus
Natalie,Busch,Myyk
Jordan,Campbell,Personal
Thomas,Carter,IT
Chloe,Christmann,Myyk
Samuel,Clark,Myyk
Chase,Coleman,Haldus
Isaac,Collins,Personal
Charles,Cook,Personal
Diego,Cooper,Juhtkond
Adam,Cox,Juhtkond
Andrew,Davis,Myyk
Brianna,Diegelmann,Myyk
Lauren,Diener,Myyk
Ella,Dietrich,Juhtkond
Anna,Dittmar,Personal
Taylor,Doering,Personal
Kayla,Duehring,Personal
Aiden,Edwards,Personal
Hailey,Engeldinger,Personal
Jessica,Erb,Juhtkond
Connor,Evans,Personal
Victoria,Everding,Juhtkond
Jasmine,Falger,Juhtkond
Sydney,Fettkenheuer,Juhtkond
Julia,Fischer,Personal
Destiny,Fleischer,Personal
Kaitlyn,Fleischmann,Personal
Morgan,Fleischhauer,Personal
Savannah,Franke,Personal
Katherine,Fuhr,Juhtkond
John,Garcia,Myyk
Alexandra,Geisler,Juhtkond
Rachel,Geissler,Juhtkond
Evan,Gonzalez,Haldus
Nathaniel,Gray,Juhtkond
Caleb,Green,Haldus
Lily,Guschke,Juhtkond
Megan,Haegler,Juhtkond
Kaylee,Hagler,Myyk
Logan,Hall,Myyk
Nicholas,Harris,Myyk
Jennifer,Hausmann,Myyk
Angelina,Haussmann,Myyk
Makayla,Hedtke,Myyk
Allison,Hegler,Personal
Maria,Heinitz,Personal
Wyatt,Henderson,Personal
Brooke,Hengel,Personal
Zachary,Hernandez,Haldus
Lillian,Herzberg,Personal
Mackenzie,Herzog,Personal
Trinity,Herting,Personal
Faith,Hesselbarth,Personal
Sofia,Hesselschwerdt,Personal
Riley,Heusmann,Personal
Kevin,Hill,Haldus
Adrian,Howard,Juhtkond
Haley,Huesemann,Juhtkond
Gabrielle,Huesmann,Juhtkond
Nicole,Huismann,Juhtkond
Kylie,Husemann,Juhtkond
Katelyn,Husmann,Juhtkond
Zoe,Hussmann,Juhtkond
Ryan,Jackson,Myyk
Paige,Jaeckel,Juhtkond
Alex,James,Juhtkond
Gabriella,Jansen,Juhtkond
Jenna,Jauernig,Juhtkond
Kimberly,Jeckel,Juhtkond
Steven,Jenkins,Juhtkond
Michael,Johnson,Juhtkond
Matthew,Jones,Juhtkond
Alexa,Juergens,IT
Stephanie,Juergen,Myyk
Avery,Kaehlert,IT
Andrea,Kaffenberger,IT
Leah,Keil,Juhtkond
Julian,Kelly,IT
Madeline,Kies,Personal
Jose,King,Haldus
Nevaeh,Kirschenmann,Juhtkond
Evelyn,Kliese,Juhtkond
Maya,Knobloch,Juhtkond
Mary,Kuhnle,Juhtkond
Dylan,Lee,Myyk
Noah,Lewis,Myyk
Michelle,Liebscher,Juhtkond
Jada,Limbach,IT
Sara,Limbacher,IT
Audrey,Linnemann,IT
Brooklyn,Linnenkohl,IT
Vanessa,Lohmeier,IT
Amanda,Lohwasser,IT
Sebastian,Long,Juhtkond
Angel,Lopez,Haldus
Rebecca,Ludwig,IT
Ariana,Luedke,IT
Caroline,Luneburg,IT
Amelia,Lutz,IT
Mariah,Lux,IT
Jordan,Manthei,IT
Jonathan,Martinez,Myyk
Tyler,Martin,Myyk
Arianna,Mauss,IT
Isabel,Mausz,IT
Jocelyn,Menthey,IT
Marissa,Metzger,IT
Autumn,Metzler,IT
Melanie,Metzner,IT
Daniel,Miller,Myyk
Luke,Mitchell,Myyk
Christopher,Moore,Myyk
Aaliyah,Moosbrugger,IT
Aaron,Morgan,Personal
Hunter,Morris,Personal
Isabelle,Muff,IT
Claire,Muhlberger,IT
Gracie,Muhlberg,IT
Luis,Murphy,Juhtkond
Molly,Musolff,IT
Robert,Nelson,Haldus
Mya,Nerger,IT
Diana,Neusel,IT
Katie,Ney,IT
Ferris,Nitz,IT
Rodney,Nolte,IT
Gavin,Parker,Personal
Mason,Perez,Myyk
Timothy,Perry,Juhtkond
Ian,Peterson,Juhtkond
Isaiah,Phillips,Myyk
Dominic,Powell,Juhtkond
Carter,Price,Personal
Carlos,Ramirez,Juhtkond
Juan,Reed,Personal
Brian,Richardson,Juhtkond
Landon,Rivera,Juhtkond
Aidan,Roberts,Myyk
Nathan,Robinson,Myyk
Christian,Rodriguez,Myyk
Jayden,Rogers,Personal
Brayden,Ross,Personal
Cameron,Sanchez,Personal
Sean,Sanders,Personal
Jack,Scott,Haldus
Jason,Stewart,Personal
Joseph,Taylor,Myyk
Alexander,Thomas,Myyk
James,Thompson,Myyk
Eric,Torres,Juhtkond
Jackson,Turner,Myyk
Benjamin,Walker,Myyk
Kyle,Ward,Juhtkond
Bryan,Watson,Juhtkond
David,White,Myyk
Joshua,Williams,Juhtkond
Anthony,Wilson,Myyk
Jeremiah,Wood,Juhtkond
Elijah,Wright,Haldus
Gabriel,Young,Haldus
